{
  "gitignore": 7.6923076923076925,
  "gitmodules": 2.564102564102564,
  "LICENSE": 2.564102564102564,
  "md": 33.33333333333333,
  "js": 5.128205128205128,
  "json": 5.128205128205128,
  "yaml": 2.564102564102564,
  "lock": 2.564102564102564,
  "toml": 2.564102564102564,
  "xhtml": 10.256410256410255,
  "rs": 23.076923076923077,
  "html": 2.564102564102564
}
