{
  "gitignore": 10.344827586206897,
  "json": 24.137931034482758,
  "Dockerfile": 3.4482758620689653,
  "c": 3.4482758620689653,
  "lock": 3.4482758620689653,
  "toml": 3.4482758620689653,
  "rs": 3.4482758620689653,
  "html": 3.4482758620689653,
  "js": 6.896551724137931,
  "css": 3.4482758620689653,
  "sh": 13.793103448275861,
  "ts": 3.4482758620689653,
  "csv": 6.896551724137931,
  "yaml": 3.4482758620689653,
  "cpp": 3.4482758620689653,
  "md": 3.4482758620689653
}
